d1.png,down.c,289.26312,552.5179,-509.88702,298.0962,539.5645,-495.11304,302.32782,539.3841,-495.12012,305.9973,539.1972,-495.21286,281.9973,538.60815,-493.20044,277.84116,537.87256,-493.25546,274.12085,537.10516,-493.2425,315.02692,538.59924,-370.87067,266.96512,536.4362,-361.7663,298.4038,563.2839,-460.28363,281.97662,564.2203,-457.9308,348.20346,582.3116,-274.99686,234.65091,588.34436,-241.98645,364.63937,675.5156,-407.20837,204.34138,680.0433,-391.54514,300.74814,635.2248,-606.5152,251.4267,642.41504,-607.26733,283.39102,625.4085,-650.9266,264.83994,627.80865,-650.609,283.8912,613.50525,-625.53217,263.78946,615.30035,-625.4905,287.95184,614.5924,-598.41205,262.28717,618.82806,-600.10425,325.95087,679.78766,-11.783559,265.40536,683.0265,11.78516,370.13058,715.1386,-408.44534,198.64453,717.1722,-343.44238,362.47037,806.5907,-136.02866,228.74704,801.0069,-89.318726,354.11288,815.7213,-116.639915,240.48038,815.78516,-71.46326,373.46808,845.6216,-256.68762,190.62146,838.8074,-200.20038
d10.png,down.c,347.2501,469.4701,177.55043,341.578,456.29773,171.57707,338.34665,454.89645,171.59367,334.6441,453.48007,171.62677,345.71262,459.03946,145.7545,345.93744,459.61923,145.68486,346.0721,460.11993,145.62985,321.93997,457.34384,154.21571,339.13272,463.04013,38.919655,340.3368,478.63202,177.24675,345.11395,481.02625,143.48726,267.61838,511.0438,219.79283,334.00418,528.8344,-56.45605,316.85315,575.2596,357.60114,398.75638,581.8565,37.4656,343.0377,535.7657,516.0169,375.94717,534.5831,308.62015,341.20642,518.3515,559.4568,374.232,519.61505,335.5281,345.1103,516.643,569.5949,365.44336,517.5575,345.8167,346.80975,524.15356,525.24567,362.82178,523.9607,321.3291,215.36609,661.85016,96.89785,258.3453,674.0936,-97.10419,269.55847,668.74036,424.04962,381.33936,679.7706,-39.378136,240.32521,761.70294,445.9619,334.7242,808.26227,-169.72899,227.47359,782.4598,447.84042,318.6719,833.5477,-179.40027,269.98895,761.48706,471.24176,380.6136,815.3986,-176.69551
d11.png,down.c,337.10965,533.0055,246.1846,331.84573,523.39386,224.8323,327.72937,523.3513,224.85204,323.73688,523.47327,224.90675,342.49594,524.5407,211.8125,345.41785,525.0676,211.83107,348.32123,525.4747,211.75224,318.01843,530.75006,150.37552,349.27695,531.4207,91.33738,330.63846,542.3045,226.9214,342.49756,543.5536,209.85452,276.7417,585.1906,161.29224,374.59186,593.56604,16.61839,302.6921,627.2706,325.7845,409.26318,646.93823,126.05502,334.36337,586.53845,523.9886,379.2017,604.5131,380.83618,334.5408,577.5286,558.61475,376.45193,595.3147,407.09012,341.92502,577.986,563.78235,371.86136,594.54926,415.47058,345.11078,582.31,530.6614,368.4164,598.842,390.4542,269.1476,727.9449,66.27312,327.7058,741.35016,-66.6124,260.2775,725.29694,410.96628,412.20163,709.7675,141.52348,254.1264,800.3566,540.28076,381.33157,830.09546,189.9853,251.65094,825.8452,557.3558,369.61423,854.2294,199.07697,254.97574,818.20654,610.1675,418.90567,827.32874,246.71477
d12.png,down.c,302.99927,489.81122,300.3242,297.67368,481.7008,275.31427,294.93268,482.03848,275.31555,292.37363,482.6141,275.40292,306.84796,481.62604,267.91183,310.17526,481.78027,267.92508,313.56805,482.02087,267.87775,288.47775,489.07245,182.98172,322.00476,488.66385,149.7853,297.62567,498.68033,274.22714,308.36896,499.0127,264.5498,256.32703,542.3629,162.79477,360.7038,546.44965,86.31146,253.0986,599.4018,332.83426,379.07385,593.6543,211.70688,282.1172,558.7847,562.58405,351.1184,553.5069,455.92572,283.02222,549.169,599.11707,349.83008,544.4273,486.12265,291.4426,551.2475,603.2922,341.66373,544.86395,495.24634,294.08044,554.54065,570.0577,336.79163,546.4752,465.21783,257.82986,688.0268,35.439083,323.276,693.6966,-35.652435,228.1395,706.62366,353.72308,383.61575,668.71484,212.09123,231.47878,793.4526,392.58524,373.38202,795.48566,192.79431,233.5342,815.38873,402.18948,368.82877,821.8148,193.04277,224.62492,786.44745,468.27164,402.39417,791.06226,244.92387
d17.png,down.c,288.0145,557.3986,-404.53647,300.221,544.6622,-401.42633,305.57404,545.26715,-401.33527,310.11395,545.74866,-401.3653,285.75513,542.03046,-381.8426,282.35748,541.07526,-381.92358,279.63736,540.2681,-381.95917,322.3695,548.3126,-330.6663,287.69226,541.1747,-244.88863,298.40778,570.4558,-375.72165,285.55582,569.38434,-351.5794,366.14835,603.6657,-320.59946,276.0549,606.9815,-117.88445,341.1985,698.7731,-429.70526,213.2165,675.304,-293.377,261.27972,629.7414,-467.7797,232.41,627.5188,-525.6833,244.27448,614.8517,-497.9829,231.51329,612.2365,-559.3021,248.89368,606.473,-481.86606,236.21545,607.1569,-536.7325,255.08107,608.27905,-460.4264,240.54549,610.8795,-521.61127,395.7568,706.1113,-67.06237,337.99664,706.4649,66.98499,362.90543,748.5338,-454.05078,243.36101,716.5688,-158.33382,396.18466,852.6355,-280.9331,292.97678,804.372,-8.130631,407.96536,867.15576,-266.30045,308.39786,820.6471,3.0278642,370.16757,905.39136,-376.7898,244.31564,836.9126,-74.573845
d18.png,down.c,290.0338,585.016,-503.70828,298.93375,571.91296,-484.63535,303.705,571.44196,-484.60754,308.19415,570.9692,-484.6806,280.93033,572.8823,-483.79306,275.48477,572.8566,-483.84613,271.90732,572.74384,-483.83438,317.27274,572.4431,-351.07358,266.3896,574.298,-347.45276,299.64407,597.17303,-451.96194,281.27283,597.93494,-451.33075,349.3833,622.1514,-266.68332,236.00768,630.16327,-245.06856,380.8218,711.86365,-437.22116,199.20535,727.0646,-431.99228,306.3645,665.8452,-655.8388,256.63522,674.94336,-647.16284,287.61832,657.2906,-702.41736,271.11972,659.9421,-690.6614,287.94305,644.3013,-668.23615,270.1887,648.12274,-656.7233,291.69525,646.9553,-644.66595,268.66074,653.0923,-635.92816,331.4764,737.44525,-9.99508,271.59668,741.14777,10.027215,380.66647,753.98096,-465.61243,201.85983,763.16614,-400.0288,372.31876,845.3991,-133.39938,237.18205,846.9819,-74.5979,364.99628,856.49225,-108.192345,250.81482,859.7986,-49.737656,382.28494,898.1995,-256.85422,204.01332,891.4877,-182.15154
d2.png,down.c,282.64532,493.68692,-522.206,291.83353,480.5807,-505.14944,295.7763,480.42734,-505.1662,299.63382,480.17627,-505.2607,275.45413,478.93143,-504.34674,271.1648,478.17795,-504.40488,267.76694,477.57825,-504.37506,309.33664,479.91608,-376.15167,260.8926,477.63852,-372.52844,290.9854,504.0698,-471.7527,273.99167,504.9108,-470.93158,339.55505,529.01984,-284.44614,224.74065,532.8885,-254.54025,355.1684,622.19403,-427.96216,195.32367,624.0699,-406.47928,292.47955,580.4197,-637.33154,244.90318,585.7823,-628.9148,276.7383,569.59985,-683.5178,256.51352,570.6784,-673.247,277.8419,558.10925,-658.1571,255.74673,559.5013,-648.4,281.7544,559.6417,-629.45734,254.3731,562.6884,-621.8455,314.28067,627.43134,-10.864366,253.68207,628.527,10.868292,358.49707,665.6302,-409.94492,187.4485,663.481,-349.0371,348.341,747.7801,-107.75959,217.77744,742.0152,-61.649696,339.61337,757.45685,-86.02639,228.36186,755.802,-40.80499,356.50668,789.04486,-227.3917,179.7426,778.83734,-170.25906
d3.png,down.c,333.18393,560.57184,-451.64328,337.57288,546.78973,-428.68213,341.25027,546.0258,-428.77692,344.1851,545.35516,-428.9289,325.4245,548.2178,-442.42505,320.04724,548.3601,-442.46912,314.31158,548.45953,-442.47488,342.2223,547.192,-295.56125,299.18924,550.9841,-352.14258,337.98965,571.7449,-400.13678,324.35623,574.22925,-416.6858,361.96716,594.62976,-194.27654,253.74301,609.0096,-282.36533,413.34647,674.2297,-337.48752,256.49417,700.5208,-395.91183,374.6857,636.06036,-556.49457,326.60648,648.7921,-504.2069,361.5411,625.9482,-598.6465,339.93466,636.242,-538.26263,358.20096,613.887,-564.37555,337.42148,622.3778,-516.05524,360.6754,615.57904,-546.61554,333.65936,626.6531,-494.66513,325.2614,701.11285,17.736094,273.41687,703.7462,-17.567722,396.00363,706.98846,-367.0858,234.98567,736.26685,-412.28476,368.58273,798.06683,-117.67963,239.14561,823.9067,-154.133,356.8637,810.09064,-97.40886,241.63452,835.9072,-132.77936,400.29376,835.0315,-214.18663,226.08762,864.4862,-258.23218
d4.png,down.c,361.1312,531.18274,-414.5298,365.4979,517.0993,-393.21683,368.67563,516.69037,-393.29852,371.39493,516.23486,-393.4412,353.3164,517.8895,-406.32785,347.92352,517.9454,-406.377,342.19028,517.9041,-406.38632,368.62943,517.714,-267.14243,326.98236,520.5011,-322.74765,364.37372,542.37823,-365.37662,351.80652,544.3796,-381.69217,388.80347,567.59686,-168.24182,280.1857,579.5162,-261.3315,436.42993,647.1178,-295.43307,283.22018,669.97656,-368.067,399.78387,607.49255,-502.68365,352.9853,616.58954,-473.3156,389.5319,596.5006,-542.9375,366.49545,604.9416,-505.9541,383.65118,585.3593,-514.82263,362.91544,592.53925,-483.84448,384.86154,587.4469,-495.1348,359.4745,595.7763,-463.85526,352.5859,670.53436,22.279938,295.51782,673.0652,-22.139784,418.85086,695.4607,-315.9565,261.6889,720.0451,-382.87204,387.69293,773.6269,-36.617165,258.42664,804.14935,-91.205956,375.92282,787.6479,-12.990966,262.60294,813.21936,-66.717186,419.52997,814.2704,-115.699715,251.41418,850.207,-187.19077
d5.png,down.c,369.05063,529.02704,-372.09778,370.35535,514.4838,-346.58896,372.0308,513.7494,-346.72885,373.62918,512.9401,-346.85126,361.64862,516.76154,-380.36526,356.70062,517.59064,-380.45114,350.99625,518.2168,-380.43274,361.9074,521.55695,-208.70897,329.2097,522.55414,-356.3506,368.0944,541.55164,-318.6596,358.85217,542.34766,-361.55106,359.72525,579.2569,-87.97955,270.20096,587.6315,-358.26663,419.13684,643.42377,-236.52328,313.5833,683.2672,-415.33643,415.26248,605.6995,-525.15936,377.82397,618.47974,-382.74277,416.62213,590.096,-570.4589,389.65176,602.4762,-410.4114,408.60434,583.1329,-548.18555,384.03165,593.9469,-403.79764,404.4646,586.265,-524.9507,377.74335,598.93634,-377.17203,293.90475,686.65985,82.422806,233.44551,691.8923,-82.12327,387.9603,705.215,-114.9467,273.47427,755.10596,-486.70404,342.71356,796.0315,150.1654,238.88344,860.182,-334.7922,325.03418,811.0633,172.77484,227.18817,875.04767,-325.07535,390.4553,826.1502,90.860825,265.07736,909.8022,-469.19217
d6.png,down.c,354.47815,581.48004,-404.02054,355.55795,568.2242,-378.5689,357.29944,567.6232,-378.69388,358.98734,566.8545,-378.8292,347.3654,569.2803,-404.36884,342.5225,569.21704,-404.4231,337.00156,569.1704,-404.3647,353.38107,571.5655,-240.90645,315.7609,572.9333,-353.04947,353.02533,592.4973,-351.58328,343.6937,594.4414,-384.05283,353.66824,625.1713,-127.16255,264.6113,631.2383,-350.23892,405.62167,685.3497,-292.497,304.0675,729.4254,-420.83493,403.85425,650.2225,-563.5097,369.4831,669.1615,-408.34943,404.5538,641.6763,-608.0115,385.18457,658.8432,-439.8442,397.14706,632.76697,-588.4504,376.3389,643.6768,-431.0446,393.87042,634.3115,-564.08716,370.10864,646.36255,-403.53397,290.28577,724.553,68.2959,230.38452,727.32855,-67.82348,378.91568,717.0817,-121.79458,269.41,759.22845,-493.3274,338.07175,810.4554,147.30939,237.17749,872.8339,-351.36856,322.25323,821.7211,171.08656,223.80109,889.53424,-341.3907,386.04425,839.2371,98.51423,261.95676,926.56445,-481.72485
d7.png,down.c,412.96484,539.8526,-188.37772,411.4411,527.37164,-171.5637,411.6236,526.8967,-171.65927,411.68842,526.5059,-171.77594,407.36148,527.81256,-207.02336,404.41565,527.7921,-207.14172,400.98062,527.9198,-207.11343,394.04388,531.2161,-71.63054,380.4641,533.33344,-227.99432,408.87634,551.3302,-147.98209,403.89368,551.23334,-193.01953,381.65778,583.6835,47.08233,323.86627,604.5951,-272.53085,424.54874,672.1599,-59.568607,378.3277,696.759,-259.2711,441.21225,618.6473,-312.5287,437.40213,626.84827,-114.92982,452.4311,598.01117,-348.11145,449.27814,606.5804,-124.28745,444.52158,594.0854,-325.40335,441.37872,602.3945,-133.52214,435.5431,602.1789,-311.84494,436.28525,607.4586,-112.65096,306.30655,700.2874,103.2466,257.10864,715.053,-102.825615,399.2097,684.14075,38.006622,350.5803,735.69434,-462.44186,341.25647,767.2164,273.8462,294.2773,852.01526,-372.21707,327.68066,771.55896,298.6931,275.6509,865.67224,-363.00778,368.13547,785.0715,291.2015,341.93512,894.4827,-436.4727
d8.png,down.c,382.44315,571.6427,-46.58605,379.9072,559.4492,-35.429695,379.14035,558.87964,-35.53038,378.16846,558.1089,-35.60857,377.71976,560.2394,-76.24683,375.4529,560.3135,-76.348885,372.93735,560.3104,-76.36734,359.70126,560.4635,38.047043,355.82693,563.2544,-143.76671,376.3825,582.4216,-14.03266,373.31207,582.5129,-66.68235,318.84555,618.2035,161.12923,309.90912,633.06525,-210.08841,375.48557,671.78705,207.66316,386.82263,707.4925,-173.89445,413.5291,624.64166,164.5417,414.11163,634.2723,8.571665,424.48532,609.3162,165.89029,424.30972,618.3601,5.4029484,415.75513,603.4907,177.70076,415.2353,612.3628,0.55234355,409.91678,607.27515,165.80522,409.88605,616.3973,12.1510725,246.39745,748.6543,123.879036,223.39853,768.8539,-123.54116,343.05573,746.11835,253.34792,358.34708,777.3549,-318.0683,283.42087,822.41174,370.3089,292.23138,901.717,-351.52,265.74484,837.3128,382.76013,269.39426,919.7626,-352.55182,306.01562,848.2531,387.191,351.2245,933.3802,-394.6424
d9.png,down.c,392.82312,569.415,15.729095,386.96982,557.10046,20.817852,385.22034,556.297,20.76884,383.29126,555.4533,20.719206,387.41022,558.19904,-14.908483,386.21274,558.1897,-14.9799,384.80182,558.06384,-14.989281,368.38998,559.1037,69.350105,371.6455,560.6765,-90.593,385.28265,580.47217,39.475037,385.49988,581.0912,-7.1061664,317.87646,621.11945,184.77217,354.45328,629.6754,-162.85828,369.54312,686.4931,291.59232,429.98624,693.8461,-109.24103,406.66135,631.26263,346.98965,436.58246,622.9675,92.50066,415.9788,610.79016,367.70288,443.8187,604.4676,97.14683,410.47644,612.15466,374.1374,431.35477,604.51965,97.69095,407.06863,618.5458,349.74088,426.6741,611.1601,98.801155,257.21124,763.0171,114.54281,272.3944,780.6305,-114.34419,365.1658,735.0389,330.04816,411.5375,759.26447,-188.27098,316.9987,821.52203,466.84537,350.3784,883.96,-207.71048,303.12985,846.49805,482.25726,328.72168,905.4148,-204.35738,356.4271,832.41724,504.91528,408.93985,904.85077,-209.50389
u1.png,up.c,316.5791,338.9917,-224.06538,328.79318,327.53366,-215.94464,334.37115,327.5344,-215.97299,339.59525,327.66705,-215.92467,315.38037,327.24445,-195.60828,311.89383,327.06903,-195.6138,308.85233,326.81735,-195.65126,353.52487,334.2241,-135.57727,315.3288,330.64175,-42.330566,328.9155,353.74997,-192.6962,312.83105,354.21628,-166.28357,386.21698,407.21344,-172.70883,286.8758,412.66873,86.72656,357.6108,477.4837,-300.0225,241.02147,499.12476,-81.17907,285.4535,412.5989,-396.52823,247.28818,433.64502,-415.87863,270.76086,398.56046,-436.3347,247.47183,415.4915,-470.42877,274.1856,389.40216,-434.46222,249.40814,409.35822,-461.71597,279.45215,393.50735,-395.72668,253.09235,417.29822,-422.83105,364.44452,605.9589,-100.572105,303.38,608.4805,100.431015,388.95633,742.0484,-146.4784,312.29956,738.20654,279.66467,412.6266,891.60785,-113.00759,303.15686,848.05383,523.4733,420.51102,913.32446,-120.97686,317.03766,867.949,540.1113,376.50613,946.8793,-309.868,249.18948,881.9062,437.34433
u10.png,up.c,357.06314,298.5884,208.39307,352.2958,288.36948,157.07494,348.2538,288.87045,157.06976,344.25894,289.46982,157.05272,364.57236,287.23013,167.54352,368.89957,287.1012,167.55144,373.28217,287.3262,167.38687,340.80994,297.50955,-7.537366,382.4043,296.94986,36.240154,350.5575,310.05157,159.09795,364.03943,310.39438,171.12973,304.3359,367.64728,-68.17686,424.28726,372.17242,13.671846,274.4446,448.0011,89.938095,419.73563,444.46088,178.43015,302.51013,416.98352,372.6916,378.19937,416.49188,462.95706,306.98135,410.1366,409.06503,368.80035,415.89288,512.3947,318.46057,403.6623,406.12988,365.84674,407.94687,510.84756,321.1894,406.76685,380.3921,367.1605,409.9708,470.25583,317.90073,559.23914,-17.429472,385.93735,561.1997,17.128723,307.14862,686.17334,1.7583712,407.7362,677.1652,124.52535,279.25708,818.6769,-22.068708,425.7511,807.4833,148.58661,279.97784,851.4837,-21.990229,422.61526,831.5298,153.04169,261.14923,812.1944,-22.75262,427.27466,804.27954,164.42848
u11.png,up.c,262.07022,298.29196,168.44722,263.6421,285.1921,115.930595,262.6347,285.22604,115.88729,261.6203,285.43173,115.87073,269.44446,284.7125,142.92679,272.54498,284.37057,142.95738,275.82846,284.20792,142.8224,269.2172,292.07208,-47.654377,291.00955,291.28088,70.269745,263.56635,310.7974,119.24114,269.69055,310.84354,152.8723,255.3517,364.14612,-158.22525,354.50616,364.6195,102.8512,195.97511,446.47018,-53.956837,351.4001,455.12476,228.85858,213.82846,431.12384,170.23584,308.70776,485.84738,349.39868,212.78682,428.39386,170.33531,300.6968,498.65753,369.50488,222.90363,419.99072,164.28287,297.289,491.5322,354.92355,227.16295,421.93674,174.32977,297.09668,486.28113,346.76236,290.69955,570.8344,-98.959206,352.64014,565.66174,98.845474,264.7519,711.4799,-87.63626,361.32922,683.1092,257.33282,263.6808,868.08923,-78.18104,382.068,808.60004,356.09717,276.0807,895.3938,-75.76983,383.5186,829.9923,366.60382,211.86417,868.121,-95.5555,362.34836,807.8627,365.16138
u12.png,up.c,278.27103,308.32758,-27.549372,285.89154,295.94736,-66.76198,287.03104,296.16812,-66.78587,288.23285,296.5121,-66.78308,286.89914,295.51074,-30.71102,288.52853,295.3884,-30.651981,290.269,295.42648,-30.69474,302.5906,304.89957,-166.45784,306.31567,304.8285,-5.9859943,281.43024,324.28207,-54.670662,282.3661,323.6892,-8.591746,289.98538,378.39346,-254.94,344.91656,383.62363,99.67177,212.83151,441.86453,-152.46004,326.4516,482.02618,171.05388,232.28847,397.30795,97.570755,289.05792,531.003,138.8562,229.21422,381.93234,89.76318,284.1446,546.6279,140.25613,245.97229,378.75415,81.61127,279.27487,542.903,111.86912,251.59233,384.74716,101.04227,279.07318,537.9629,126.61865,298.86868,581.5086,-123.15815,340.0159,576.8171,122.95835,294.40768,712.0921,-2.6491976,345.27032,680.8036,432.98022,291.31778,862.18195,83.46256,350.75665,788.0933,683.46454,309.30936,890.6064,90.24618,356.31903,809.3589,709.2731,222.34102,882.0413,35.53299,310.75235,795.0394,722.3139
u13.png,up.c,318.32785,284.20966,-270.0988,330.77466,269.774,-271.75574,336.60828,269.9696,-271.80222,343.24133,270.17282,-271.85666,320.48694,269.5946,-239.12003,318.78412,269.46558,-239.0811,317.29224,269.35123,-239.09793,362.00195,279.82886,-220.95448,332.02744,276.45993,-73.2853,329.10257,303.18823,-246.85027,318.20337,302.08368,-204.66008,386.071,365.39667,-259.52368,329.86328,364.54422,105.69103,318.66644,447.92316,-259.1746,309.09647,473.3726,148.72975,270.03183,368.86395,-146.74074,305.98285,519.7106,13.342213,256.89352,354.474,-161.45683,302.71985,537.84125,-3.5337806,263.95218,346.2412,-159.2732,305.95056,530.45435,-27.359957,270.17538,351.52454,-139.73718,309.48413,524.19275,-1.4696852,365.74048,577.9532,-124.245384,326.14914,572.96136,124.01241,379.2833,721.6964,-126.49048,344.62628,690.5778,393.5313,385.35062,873.62555,-86.52935,354.0173,797.88763,709.4358,400.68967,904.80945,-88.89962,366.4736,818.53894,736.74713,324.57898,924.95123,-249.6943,290.71,821.94617,692.8518
u14.png,up.c,278.39502,308.0524,8.218682,285.28494,296.0029,-34.000103,285.96838,296.14835,-33.99022,286.72845,296.40094,-33.982685,287.14426,295.63437,-2.246589,288.91507,295.47153,-2.1837943,290.83014,295.43976,-2.2424915,299.9207,304.1033,-146.00693,306.64413,304.46487,-4.66649,280.83118,323.376,-22.508467,282.4007,322.86203,17.945,284.99734,376.9353,-228.61363,350.4107,384.13715,76.53713,210.80515,443.45157,-118.51114,335.60947,487.23843,142.97794,231.189,398.85458,123.2715,299.07034,538.6774,124.05352,229.86797,383.11166,120.24724,294.96643,556.0951,128.30672,245.28757,378.96625,114.0628,289.36325,552.61707,101.91055,249.04462,385.59595,127.252655,288.3039,546.99335,113.53816,295.83994,585.3724,-114.04595,339.58426,581.1882,113.87362,293.271,715.0913,-10.895267,345.5347,684.1386,409.45273,287.8224,863.213,63.915173,346.13007,789.74927,644.1712,302.28772,887.9391,69.57341,350.07675,810.61414,667.95233,218.81805,878.7445,21.20346,305.72733,795.3264,679.23645
u15.png,up.c,318.98032,284.0986,-256.22192,331.6105,270.0257,-254.29765,337.34497,270.1886,-254.34933,343.94315,270.3511,-254.43758,321.6765,269.81784,-225.18697,320.1428,269.65274,-225.14365,318.8425,269.4702,-225.20398,362.6605,280.0692,-189.15681,333.97598,276.26672,-56.9558,329.50357,302.85864,-227.49707,318.8293,301.83124,-189.82568,386.3891,363.02908,-219.43562,331.64957,363.19833,119.70416,318.90894,445.13727,-259.07648,312.98053,468.08368,191.29105,271.26627,368.19342,-227.61238,311.2909,521.9158,99.169495,258.8514,354.10898,-253.48097,309.1079,541.16486,86.7104,267.18878,345.5046,-251.789,311.10013,535.72705,61.71582,273.49316,351.21704,-224.04623,314.2165,529.2466,85.32474,365.64478,569.61755,-118.94755,327.59442,566.81335,118.78737,379.26056,724.07715,-138.53845,346.12192,692.71454,368.72723,386.93872,878.74133,-80.025314,354.10187,793.8941,693.72345,402.13806,902.8476,-80.223076,368.00385,808.7781,721.51166,325.25815,926.1176,-242.63297,294.10043,819.38104,665.832
u16.png,up.c,304.20673,332.3266,-243.1387,315.48294,320.35345,-238.57756,321.36975,320.27136,-238.63907,326.8985,320.40793,-238.65627,302.5606,321.0021,-217.09,299.16946,321.4138,-217.08362,296.02002,321.76178,-217.09949,340.49313,328.97177,-162.62645,300.8062,328.1205,-62.992542,315.85928,347.17035,-212.08827,300.76245,348.1619,-183.99197,375.2521,398.47607,-200.02237,285.5599,408.78824,76.45885,353.08856,472.8423,-289.1032,255.28383,484.9023,-97.614006,278.42474,413.2835,-297.4718,258.33112,421.73822,-429.1683,263.65506,400.65347,-321.5125,252.2455,404.10724,-482.05563,266.24484,392.02402,-321.7122,253.70467,397.67786,-475.67264,271.55316,396.4513,-293.8445,259.53802,403.01526,-438.8349,359.77332,602.89703,-96.87919,305.1192,605.164,96.8123,382.84473,733.0332,-115.315704,306.2623,721.2278,274.8494,407.21292,872.2917,-57.910088,306.9186,830.2551,507.6306,418.8056,893.3261,-63.168076,321.548,850.2782,522.28394,370.17853,931.65063,-241.26585,251.27908,865.5403,432.11246
u2.png,up.c,305.43085,343.35593,-191.02798,317.04935,331.43582,-183.87973,323.0782,331.55328,-183.89493,328.72058,331.6551,-183.84935,304.71454,331.0497,-163.76184,301.8939,330.88257,-163.7636,299.02933,330.7213,-163.7803,342.04315,337.96518,-110.95128,304.54733,334.80933,-18.25306,316.35403,358.0366,-162.33392,302.10547,358.5703,-136.06924,377.10156,410.47495,-149.19087,279.29434,417.39667,97.08693,349.22324,480.09,-290.6536,230.25023,498.22452,-66.66968,276.6329,416.62393,-402.18573,237.08534,428.96902,-383.539,262.49265,401.96362,-442.57376,238.84132,412.2909,-437.55237,266.4177,392.4385,-440.1601,242.71037,405.99634,-426.60645,271.16788,396.87662,-401.78345,245.48355,412.12735,-389.34048,354.0987,606.66547,-94.93372,296.04385,609.2873,94.76275,383.8545,744.74304,-158.59662,306.32043,739.5917,239.05737,409.21683,894.7449,-145.55542,300.55948,848.92236,444.3615,417.0384,918.28644,-154.9104,316.22644,870.2895,457.2388,370.75616,951.6912,-338.99362,245.2028,882.68787,356.66895
u3.png,up.c,330.29932,326.38574,-284.32068,334.93536,313.79034,-258.8275,338.8096,313.84583,-258.84262,342.07867,313.84763,-258.8242,320.8822,313.88254,-271.6449,314.01233,314.16855,-271.6614,307.5003,314.7247,-271.67444,344.6611,319.265,-97.58622,297.25534,320.1467,-155.80214,334.55215,343.08643,-222.10379,318.77972,345.7889,-239.30273,376.01022,394.8001,10.207555,264.24615,398.22354,-110.66149,411.35327,471.20563,-141.89287,262.59482,480.78088,-269.30048,365.73257,408.07352,-418.08658,322.37973,420.06854,-469.94052,355.4228,391.85117,-471.93445,333.88235,401.2131,-521.5931,351.66608,383.6955,-455.88876,332.91006,394.26184,-506.85754,351.35498,390.8237,-418.49185,330.00494,401.35364,-466.61182,363.15286,582.731,32.244423,298.9475,583.3446,-32.299263,375.92688,706.0183,79.67592,273.65176,712.3959,-30.521431,388.04303,806.6276,366.17953,253.35686,829.25696,177.83789,377.4337,822.91046,386.42712,256.13745,841.78485,189.48886,425.51834,852.95105,235.43185,245.82758,885.2249,11.973335
u4.png,up.c,319.29218,326.71744,-235.66269,317.58594,314.8621,-211.84479,319.1948,314.74106,-211.78227,320.49612,314.7048,-211.66936,308.66043,315.26163,-244.64812,302.72366,315.37994,-244.65305,296.77515,315.81088,-244.70032,310.4443,320.56464,-61.87192,278.29303,322.55014,-210.13611,319.17993,340.76544,-176.89238,310.14276,341.94272,-219.70544,325.9371,404.72644,76.336784,237.7857,404.87766,-239.15222,365.0005,476.33447,-58.531437,269.4883,490.14774,-267.61496,361.57742,411.99326,-387.76218,330.25076,416.50082,-176.1564,364.28116,395.01666,-448.05695,342.94608,400.68597,-190.91988,355.7369,388.18646,-431.79163,339.38297,392.0206,-197.43985,351.89877,393.88742,-393.64978,334.28195,398.22836,-171.81413,324.61157,593.5954,100.21918,272.93423,594.25476,-100.51263,319.9248,707.3222,399.33096,250.81743,724.4219,-100.64051,330.17218,808.7649,712.07245,233.17986,859.51807,-66.29291,319.9606,827.6286,738.6238,224.197,878.88,-70.36724,387.8386,835.2261,659.1052,258.12933,917.9517,-232.11836
u5.png,up.c,324.26288,329.3036,-237.56102,322.53253,316.99072,-212.1083,324.08273,316.79056,-212.05577,325.35623,316.71475,-211.94766,313.84647,317.29785,-245.08972,308.11398,317.32693,-245.09251,302.15134,317.71268,-245.13846,315.0511,322.14633,-58.434837,283.59048,324.45337,-207.51476,324.26697,342.72766,-177.7233,315.4732,343.93875,-220.75456,330.64676,407.508,82.828476,244.17574,407.91324,-240.65343,374.55084,478.84283,-55.143513,275.33582,494.16653,-285.08228,368.32468,411.7253,-380.5842,334.20288,418.8411,-205.333,368.7275,394.56906,-439.43567,347.0109,402.66995,-221.76877,359.07565,388.3935,-421.5584,343.15427,394.92935,-226.35309,355.34232,394.35577,-385.51224,337.81375,401.48334,-200.55441,329.2188,595.14417,103.134224,279.11343,596.5109,-103.42082,323.08484,713.3834,399.29254,253.28247,727.8054,-105.53099,334.1951,810.9143,714.59796,237.86238,860.1673,-79.6799,322.19482,830.3183,741.639,228.8801,877.2502,-84.77804,390.05887,837.5621,666.749,261.04504,920.59534,-246.10707
u6.png,up.c,350.32938,329.11737,-48.054394,343.30487,314.83392,-33.250015,342.5367,314.47046,-33.305798,341.6802,314.1576,-33.264732,340.80347,314.94553,-78.62636,338.26385,314.58484,-78.72489,335.60217,314.27243,-78.795006,327.13388,317.29007,48.162163,317.82535,318.81757,-154.4169,346.80957,341.1592,-12.252619,343.6374,341.07028,-70.74875,298.5063,394.09232,191.87563,303.35385,390.9262,-247.7144,302.05298,492.03714,223.61809,345.95572,491.61166,-218.61594,323.88373,521.52826,83.911,381.09637,423.67868,-36.138195,331.8135,532.5776,66.29957,392.77823,406.8795,-42.079636,333.47028,523.2014,45.74318,386.22787,398.17587,-47.93342,330.18164,518.7703,67.55928,380.89737,404.12814,-31.136257,301.01645,592.5915,139.21742,301.95776,592.50165,-139.22333,299.99277,710.99414,339.65717,281.78802,742.58636,-148.34595,277.46652,811.9243,536.00867,272.7084,902.02954,-163.08614,265.171,824.4715,549.5728,259.96704,925.43097,-171.4678,332.55612,830.0199,516.4289,336.89655,932.8861,-287.7282
u7.png,up.c,339.04004,358.29654,-8.905686,332.0478,344.7828,-4.7561646,330.43015,344.45993,-4.747661,328.5681,344.1039,-4.738549,333.13257,344.79477,-45.281048,332.3953,344.50153,-45.312065,331.49313,344.2429,-45.34208,311.89136,349.11328,35.535034,318.9096,349.80298,-146.08226,335.02972,370.22678,13.491674,335.364,370.11218,-39.13853,265.8596,431.51315,161.89711,328.77563,425.93082,-219.34554,330.49707,506.24933,310.99268,394.57166,500.61987,-143.85623,360.71494,456.87372,394.09717,383.95935,442.00342,103.14609,371.66046,435.70004,418.5961,382.6152,420.97324,119.526245,363.1774,434.4297,420.13416,373.27902,418.88635,114.33523,358.31207,441.1993,395.02075,369.42413,427.1287,110.14987,292.0495,617.55994,117.20858,334.85736,619.2335,-117.27724,282.44226,731.3747,340.22006,328.80316,754.9466,-70.15942,271.0493,839.5549,534.9433,329.6849,910.7407,-73.009735,260.07336,860.2168,551.86975,314.19598,939.5943,-77.48123,310.44574,848.7426,544.706,396.76566,928.67145,-150.46375
u8.png,up.c,328.64764,331.66797,133.47556,321.99313,321.06345,112.98425,318.6905,320.80896,112.98616,315.38776,320.8328,112.97519,327.8534,321.59293,90.28662,328.91364,321.57114,90.26768,329.83047,321.6495,90.18641,304.43692,328.23648,59.207573,325.45477,327.1794,-42.908375,322.38947,342.6364,123.40002,328.30704,342.7839,93.512,254.5887,399.0362,117.82157,349.89288,399.70914,-129.23274,276.0482,464.4414,282.27103,403.5852,468.34506,-27.253386,314.82504,424.4292,453.69537,369.32806,430.4619,234.06544,319.86536,407.96396,488.03705,368.73212,410.0869,263.83255,322.52655,408.62885,491.13324,352.4952,402.08298,258.5401,324.63443,414.89136,459.1565,349.09326,407.66843,241.3603,270.4332,581.05286,88.481094,322.72653,584.8989,-88.6615,253.28604,699.969,240.84651,327.52127,720.9717,-59.113457,238.25659,809.835,348.38782,338.2612,860.3236,-82.38878,228.27475,842.90845,358.98743,324.1133,891.1398,-85.07747,274.04007,804.6953,358.80542,392.7058,870.9742,-126.85971
u9.png,up.c,323.90195,306.72873,202.43106,318.0002,297.5465,163.0442,314.2293,297.8204,163.0343,310.35416,298.36932,162.98709,329.6541,297.42007,157.4895,333.36664,297.479,157.47662,337.3564,297.66006,157.31699,305.86005,305.66632,39.25466,344.15207,304.94992,13.84836,318.54572,316.77734,167.59157,331.30322,317.1853,160.03247,270.15662,373.93774,27.125717,380.42416,379.61737,-55.308926,282.06726,451.0589,159.07738,396.34344,460.22116,41.79239,310.37515,424.78043,365.40717,357.96744,427.7183,272.17358,313.65356,419.89258,395.6056,355.071,426.46832,304.8406,322.77942,412.48056,401.77457,342.12018,416.72388,301.55035,325.77966,414.83588,373.08176,344.50052,417.6418,277.262,284.49896,553.66925,38.19995,347.08862,557.61383,-38.301594,263.6978,666.8585,124.67789,356.04218,680.55383,58.686417,240.50504,786.52136,172.25685,368.52182,815.331,114.334145,236.18335,808.79614,178.14711,360.94754,845.0173,120.58608,234.24406,804.4665,174.40536,406.58417,815.5886,99.87764
